{
	"format": "BeepBox",
	"version": 9,
	"scale": "easy :)",
	"key": "C",
	"introBars": 0,
	"loopBars": 16,
	"beatsPerBar": 8,
	"ticksPerBeat": 4,
	"beatsPerMinute": 150,
	"layeredInstruments": false,
	"patternInstruments": false,
	"channels": [
		{
			"type": "pitch",
			"instruments": [
				{
					"type": "FM",
					"volume": 80,
					"eqFilter": [],
					"preset": 514,
					"effects": [
						"vibrato",
						"note filter",
						"reverb"
					],
					"vibrato": "light",
					"noteFilter": [
						{
							"type": "low-pass",
							"cutoffHz": 2378.41,
							"linearGain": 0.5
						}
					],
					"reverb": 33,
					"fadeInSeconds": 0,
					"fadeOutTicks": -3,
					"algorithm": "1 2 3 4",
					"feedbackType": "1→3 2→4",
					"feedbackAmplitude": 7,
					"operators": [
						{
							"frequency": "1×",
							"amplitude": 7
						},
						{
							"frequency": "2×",
							"amplitude": 7
						},
						{
							"frequency": "3×",
							"amplitude": 8
						},
						{
							"frequency": "4×",
							"amplitude": 8
						}
					],
					"envelopes": [
						{
							"target": "noteFilterAllFreqs",
							"envelope": "punch"
						},
						{
							"target": "feedbackAmplitude",
							"envelope": "decay 1"
						}
					]
				}
			],
			"patterns": [
				{
					"notes": [
						{
							"pitches": [
								45
							],
							"points": [
								{
									"tick": 0,
									"pitchBend": 0,
									"volume": 100
								},
								{
									"tick": 4,
									"pitchBend": 0,
									"volume": 100
								}
							],
							"continuesLastPattern": false
						},
						{
							"pitches": [
								48
							],
							"points": [
								{
									"tick": 4,
									"pitchBend": 0,
									"volume": 100
								},
								{
									"tick": 8,
									"pitchBend": 0,
									"volume": 100
								}
							]
						},
						{
							"pitches": [
								52
							],
							"points": [
								{
									"tick": 8,
									"pitchBend": 0,
									"volume": 100
								},
								{
									"tick": 12,
									"pitchBend": 0,
									"volume": 100
								}
							]
						},
						{
							"pitches": [
								57
							],
							"points": [
								{
									"tick": 12,
									"pitchBend": 0,
									"volume": 100
								},
								{
									"tick": 16,
									"pitchBend": 0,
									"volume": 100
								}
							]
						},
						{
							"pitches": [
								57
							],
							"points": [
								{
									"tick": 20,
									"pitchBend": 0,
									"volume": 100
								},
								{
									"tick": 24,
									"pitchBend": 0,
									"volume": 100
								}
							]
						}
					]
				},
				{
					"notes": [
						{
							"pitches": [
								45
							],
							"points": [
								{
									"tick": 4,
									"pitchBend": 0,
									"volume": 100
								},
								{
									"tick": 8,
									"pitchBend": 0,
									"volume": 100
								}
							]
						},
						{
							"pitches": [
								60
							],
							"points": [
								{
									"tick": 8,
									"pitchBend": 0,
									"volume": 100
								},
								{
									"tick": 12,
									"pitchBend": 0,
									"volume": 100
								}
							]
						},
						{
							"pitches": [
								60
							],
							"points": [
								{
									"tick": 16,
									"pitchBend": 0,
									"volume": 100
								},
								{
									"tick": 20,
									"pitchBend": 0,
									"volume": 100
								}
							]
						},
						{
							"pitches": [
								50
							],
							"points": [
								{
									"tick": 20,
									"pitchBend": 0,
									"volume": 100
								},
								{
									"tick": 24,
									"pitchBend": 0,
									"volume": 100
								}
							]
						},
						{
							"pitches": [
								45
							],
							"points": [
								{
									"tick": 28,
									"pitchBend": 0,
									"volume": 100
								},
								{
									"tick": 32,
									"pitchBend": 0,
									"volume": 100
								}
							]
						}
					]
				},
				{
					"notes": [
						{
							"pitches": [
								43,
								48
							],
							"points": [
								{
									"tick": 4,
									"pitchBend": 0,
									"volume": 100
								},
								{
									"tick": 8,
									"pitchBend": 0,
									"volume": 100
								}
							]
						},
						{
							"pitches": [
								52,
								55
							],
							"points": [
								{
									"tick": 8,
									"pitchBend": 0,
									"volume": 100
								},
								{
									"tick": 12,
									"pitchBend": 0,
									"volume": 100
								}
							]
						},
						{
							"pitches": [
								48,
								50
							],
							"points": [
								{
									"tick": 16,
									"pitchBend": 0,
									"volume": 100
								},
								{
									"tick": 20,
									"pitchBend": 0,
									"volume": 100
								}
							]
						},
						{
							"pitches": [
								48,
								50
							],
							"points": [
								{
									"tick": 24,
									"pitchBend": 0,
									"volume": 100
								},
								{
									"tick": 28,
									"pitchBend": 0,
									"volume": 100
								}
							]
						}
					]
				},
				{
					"notes": [
						{
							"pitches": [
								43,
								48
							],
							"points": [
								{
									"tick": 4,
									"pitchBend": 0,
									"volume": 100
								},
								{
									"tick": 8,
									"pitchBend": 0,
									"volume": 100
								}
							]
						},
						{
							"pitches": [
								48,
								52
							],
							"points": [
								{
									"tick": 12,
									"pitchBend": 0,
									"volume": 100
								},
								{
									"tick": 16,
									"pitchBend": 0,
									"volume": 100
								}
							]
						},
						{
							"pitches": [
								48,
								52
							],
							"points": [
								{
									"tick": 20,
									"pitchBend": 0,
									"volume": 100
								},
								{
									"tick": 24,
									"pitchBend": 0,
									"volume": 100
								}
							]
						}
					]
				},
				{
					"notes": []
				},
				{
					"notes": []
				},
				{
					"notes": []
				},
				{
					"notes": []
				}
			],
			"sequence": [
				1,
				1,
				1,
				3,
				2,
				1,
				2,
				3,
				1,
				1,
				2,
				1,
				3,
				2,
				1,
				3
			],
			"octaveScrollBar": 3
		},
		{
			"type": "pitch",
			"instruments": [
				{
					"type": "FM",
					"volume": 60,
					"eqFilter": [],
					"preset": 773,
					"effects": [
						"vibrato",
						"reverb"
					],
					"vibrato": "light",
					"reverb": 33,
					"fadeInSeconds": 0.0263,
					"fadeOutTicks": -3,
					"algorithm": "1←(2 3 4)",
					"feedbackType": "1⟲",
					"feedbackAmplitude": 3,
					"operators": [
						{
							"frequency": "4×",
							"amplitude": 15
						},
						{
							"frequency": "1×",
							"amplitude": 8
						},
						{
							"frequency": "1×",
							"amplitude": 0
						},
						{
							"frequency": "1×",
							"amplitude": 0
						}
					],
					"envelopes": []
				}
			],
			"patterns": [
				{
					"notes": [
						{
							"pitches": [
								36
							],
							"points": [
								{
									"tick": 0,
									"pitchBend": 0,
									"volume": 100
								},
								{
									"tick": 4,
									"pitchBend": 0,
									"volume": 100
								}
							],
							"continuesLastPattern": false
						},
						{
							"pitches": [
								36
							],
							"points": [
								{
									"tick": 8,
									"pitchBend": 0,
									"volume": 100
								},
								{
									"tick": 12,
									"pitchBend": 0,
									"volume": 100
								}
							]
						},
						{
							"pitches": [
								31
							],
							"points": [
								{
									"tick": 16,
									"pitchBend": 0,
									"volume": 100
								},
								{
									"tick": 20,
									"pitchBend": 0,
									"volume": 100
								}
							]
						},
						{
							"pitches": [
								31
							],
							"points": [
								{
									"tick": 24,
									"pitchBend": 0,
									"volume": 100
								},
								{
									"tick": 28,
									"pitchBend": 0,
									"volume": 100
								}
							]
						}
					]
				},
				{
					"notes": [
						{
							"pitches": [
								36
							],
							"points": [
								{
									"tick": 0,
									"pitchBend": 0,
									"volume": 100
								},
								{
									"tick": 4,
									"pitchBend": 0,
									"volume": 100
								}
							],
							"continuesLastPattern": false
						},
						{
							"pitches": [
								40
							],
							"points": [
								{
									"tick": 4,
									"pitchBend": 0,
									"volume": 100
								},
								{
									"tick": 8,
									"pitchBend": 0,
									"volume": 100
								}
							]
						},
						{
							"pitches": [
								36
							],
							"points": [
								{
									"tick": 8,
									"pitchBend": 0,
									"volume": 100
								},
								{
									"tick": 12,
									"pitchBend": 0,
									"volume": 100
								}
							]
						},
						{
							"pitches": [
								40
							],
							"points": [
								{
									"tick": 12,
									"pitchBend": 0,
									"volume": 100
								},
								{
									"tick": 16,
									"pitchBend": 0,
									"volume": 100
								}
							]
						},
						{
							"pitches": [
								36
							],
							"points": [
								{
									"tick": 16,
									"pitchBend": 0,
									"volume": 100
								},
								{
									"tick": 20,
									"pitchBend": 0,
									"volume": 100
								}
							]
						},
						{
							"pitches": [
								40
							],
							"points": [
								{
									"tick": 20,
									"pitchBend": 0,
									"volume": 100
								},
								{
									"tick": 24,
									"pitchBend": 0,
									"volume": 100
								}
							]
						},
						{
							"pitches": [
								36
							],
							"points": [
								{
									"tick": 24,
									"pitchBend": 0,
									"volume": 100
								},
								{
									"tick": 28,
									"pitchBend": 0,
									"volume": 100
								}
							]
						},
						{
							"pitches": [
								40
							],
							"points": [
								{
									"tick": 28,
									"pitchBend": 0,
									"volume": 100
								},
								{
									"tick": 32,
									"pitchBend": 0,
									"volume": 100
								}
							]
						}
					]
				},
				{
					"notes": [
						{
							"pitches": [
								40
							],
							"points": [
								{
									"tick": 0,
									"pitchBend": 0,
									"volume": 100
								},
								{
									"tick": 4,
									"pitchBend": 0,
									"volume": 100
								}
							],
							"continuesLastPattern": false
						},
						{
							"pitches": [
								45
							],
							"points": [
								{
									"tick": 4,
									"pitchBend": 0,
									"volume": 100
								},
								{
									"tick": 8,
									"pitchBend": 0,
									"volume": 100
								}
							]
						},
						{
							"pitches": [
								40
							],
							"points": [
								{
									"tick": 8,
									"pitchBend": 0,
									"volume": 100
								},
								{
									"tick": 12,
									"pitchBend": 0,
									"volume": 100
								}
							]
						},
						{
							"pitches": [
								45
							],
							"points": [
								{
									"tick": 12,
									"pitchBend": 0,
									"volume": 100
								},
								{
									"tick": 16,
									"pitchBend": 0,
									"volume": 100
								}
							]
						},
						{
							"pitches": [
								40
							],
							"points": [
								{
									"tick": 16,
									"pitchBend": 0,
									"volume": 100
								},
								{
									"tick": 20,
									"pitchBend": 0,
									"volume": 100
								}
							]
						},
						{
							"pitches": [
								45
							],
							"points": [
								{
									"tick": 20,
									"pitchBend": 0,
									"volume": 100
								},
								{
									"tick": 24,
									"pitchBend": 0,
									"volume": 100
								}
							]
						},
						{
							"pitches": [
								40
							],
							"points": [
								{
									"tick": 24,
									"pitchBend": 0,
									"volume": 100
								},
								{
									"tick": 28,
									"pitchBend": 0,
									"volume": 100
								}
							]
						},
						{
							"pitches": [
								45
							],
							"points": [
								{
									"tick": 28,
									"pitchBend": 0,
									"volume": 100
								},
								{
									"tick": 32,
									"pitchBend": 0,
									"volume": 100
								}
							]
						}
					]
				},
				{
					"notes": [
						{
							"pitches": [
								36
							],
							"points": [
								{
									"tick": 0,
									"pitchBend": 0,
									"volume": 100
								},
								{
									"tick": 8,
									"pitchBend": 0,
									"volume": 100
								}
							],
							"continuesLastPattern": false
						},
						{
							"pitches": [
								40
							],
							"points": [
								{
									"tick": 8,
									"pitchBend": 0,
									"volume": 100
								},
								{
									"tick": 16,
									"pitchBend": 0,
									"volume": 100
								}
							]
						},
						{
							"pitches": [
								43
							],
							"points": [
								{
									"tick": 16,
									"pitchBend": 0,
									"volume": 100
								},
								{
									"tick": 24,
									"pitchBend": 0,
									"volume": 100
								}
							]
						},
						{
							"pitches": [
								31
							],
							"points": [
								{
									"tick": 24,
									"pitchBend": 0,
									"volume": 100
								},
								{
									"tick": 32,
									"pitchBend": 0,
									"volume": 100
								}
							]
						}
					]
				},
				{
					"notes": []
				},
				{
					"notes": []
				},
				{
					"notes": []
				},
				{
					"notes": []
				}
			],
			"sequence": [
				1,
				4,
				2,
				3,
				4,
				4,
				1,
				1,
				2,
				1,
				2,
				1,
				3,
				1,
				2,
				3
			],
			"octaveScrollBar": 2
		},
		{
			"type": "pitch",
			"instruments": [
				{
					"type": "FM",
					"volume": 80,
					"eqFilter": [
						{
							"type": "low-pass",
							"cutoffHz": 5656.85,
							"linearGain": 2.8284
						}
					],
					"preset": 839,
					"effects": [
						"chorus",
						"reverb"
					],
					"chorus": 100,
					"reverb": 33,
					"fadeInSeconds": 0.0413,
					"fadeOutTicks": 6,
					"algorithm": "1 2 3 4",
					"feedbackType": "1⟲ 2⟲ 3⟲ 4⟲",
					"feedbackAmplitude": 7,
					"operators": [
						{
							"frequency": "1×",
							"amplitude": 15
						},
						{
							"frequency": "3×",
							"amplitude": 4
						},
						{
							"frequency": "6×",
							"amplitude": 2
						},
						{
							"frequency": "11×",
							"amplitude": 2
						}
					],
					"envelopes": [
						{
							"target": "feedbackAmplitude",
							"envelope": "twang 1"
						}
					]
				}
			],
			"patterns": [
				{
					"notes": [
						{
							"pitches": [
								21
							],
							"points": [
								{
									"tick": 0,
									"pitchBend": 0,
									"volume": 100
								},
								{
									"tick": 2,
									"pitchBend": 0,
									"volume": 100
								}
							],
							"continuesLastPattern": false
						},
						{
							"pitches": [
								21,
								36
							],
							"points": [
								{
									"tick": 4,
									"pitchBend": 0,
									"volume": 100
								},
								{
									"tick": 8,
									"pitchBend": 0,
									"volume": 100
								}
							]
						},
						{
							"pitches": [
								36
							],
							"points": [
								{
									"tick": 8,
									"pitchBend": 0,
									"volume": 100
								},
								{
									"tick": 12,
									"pitchBend": 0,
									"volume": 100
								}
							]
						},
						{
							"pitches": [
								21,
								36
							],
							"points": [
								{
									"tick": 12,
									"pitchBend": 0,
									"volume": 100
								},
								{
									"tick": 16,
									"pitchBend": 0,
									"volume": 100
								}
							]
						},
						{
							"pitches": [
								21
							],
							"points": [
								{
									"tick": 16,
									"pitchBend": 0,
									"volume": 100
								},
								{
									"tick": 18,
									"pitchBend": 0,
									"volume": 100
								}
							]
						},
						{
							"pitches": [
								21
							],
							"points": [
								{
									"tick": 20,
									"pitchBend": 0,
									"volume": 100
								},
								{
									"tick": 22,
									"pitchBend": 0,
									"volume": 100
								}
							]
						},
						{
							"pitches": [
								21
							],
							"points": [
								{
									"tick": 24,
									"pitchBend": 0,
									"volume": 100
								},
								{
									"tick": 26,
									"pitchBend": 0,
									"volume": 100
								}
							]
						},
						{
							"pitches": [
								36
							],
							"points": [
								{
									"tick": 28,
									"pitchBend": 0,
									"volume": 100
								},
								{
									"tick": 30,
									"pitchBend": 0,
									"volume": 100
								}
							]
						},
						{
							"pitches": [
								21
							],
							"points": [
								{
									"tick": 30,
									"pitchBend": 0,
									"volume": 100
								},
								{
									"tick": 32,
									"pitchBend": 0,
									"volume": 100
								}
							]
						}
					]
				},
				{
					"notes": []
				},
				{
					"notes": []
				},
				{
					"notes": []
				},
				{
					"notes": []
				},
				{
					"notes": []
				},
				{
					"notes": []
				},
				{
					"notes": []
				}
			],
			"sequence": [
				0,
				0,
				0,
				0,
				0,
				0,
				0,
				0,
				0,
				0,
				0,
				0,
				0,
				0,
				0,
				0
			],
			"octaveScrollBar": 1
		},
		{
			"type": "drum",
			"instruments": [
				{
					"type": "drumset",
					"volume": 80,
					"eqFilter": [],
					"preset": 960,
					"effects": [
						"reverb"
					],
					"reverb": 33,
					"drums": [
						{
							"filterEnvelope": "twang 1",
							"spectrum": [
								57,
								71,
								71,
								86,
								86,
								86,
								71,
								71,
								71,
								71,
								57,
								57,
								57,
								57,
								43,
								43,
								43,
								43,
								29,
								29,
								29,
								29,
								29,
								29,
								29,
								29,
								29,
								29,
								29,
								29
							]
						},
						{
							"filterEnvelope": "twang 1",
							"spectrum": [
								0,
								0,
								0,
								100,
								71,
								71,
								57,
								86,
								57,
								57,
								57,
								71,
								43,
								43,
								57,
								43,
								43,
								43,
								43,
								43,
								43,
								43,
								43,
								43,
								43,
								43,
								43,
								43,
								43,
								43
							]
						},
						{
							"filterEnvelope": "twang 1",
							"spectrum": [
								0,
								0,
								0,
								0,
								100,
								57,
								43,
								43,
								29,
								57,
								43,
								29,
								71,
								43,
								43,
								43,
								43,
								57,
								43,
								43,
								43,
								43,
								43,
								43,
								43,
								43,
								29,
								43,
								43,
								43
							]
						},
						{
							"filterEnvelope": "twang 1",
							"spectrum": [
								0,
								0,
								0,
								0,
								0,
								71,
								57,
								43,
								43,
								43,
								57,
								57,
								43,
								29,
								57,
								43,
								43,
								43,
								29,
								43,
								57,
								43,
								43,
								43,
								43,
								43,
								43,
								29,
								43,
								43
							]
						},
						{
							"filterEnvelope": "decay 2",
							"spectrum": [
								0,
								14,
								29,
								43,
								86,
								71,
								29,
								43,
								43,
								43,
								43,
								29,
								71,
								29,
								71,
								29,
								43,
								43,
								43,
								43,
								57,
								43,
								43,
								57,
								43,
								43,
								43,
								57,
								57,
								57
							]
						},
						{
							"filterEnvelope": "decay 1",
							"spectrum": [
								0,
								0,
								14,
								14,
								14,
								14,
								29,
								29,
								29,
								43,
								43,
								43,
								57,
								57,
								57,
								71,
								71,
								71,
								71,
								71,
								71,
								71,
								71,
								57,
								57,
								57,
								57,
								43,
								43,
								43
							]
						},
						{
							"filterEnvelope": "twang 3",
							"spectrum": [
								43,
								43,
								43,
								71,
								29,
								29,
								43,
								43,
								43,
								29,
								43,
								43,
								43,
								29,
								29,
								43,
								43,
								29,
								29,
								29,
								57,
								14,
								57,
								43,
								43,
								57,
								43,
								43,
								57,
								57
							]
						},
						{
							"filterEnvelope": "decay 3",
							"spectrum": [
								29,
								43,
								43,
								43,
								43,
								29,
								29,
								43,
								29,
								29,
								43,
								29,
								14,
								29,
								43,
								29,
								43,
								29,
								57,
								29,
								43,
								57,
								43,
								71,
								43,
								71,
								57,
								57,
								71,
								71
							]
						},
						{
							"filterEnvelope": "twang 3",
							"spectrum": [
								43,
								29,
								29,
								43,
								29,
								29,
								29,
								57,
								29,
								29,
								29,
								57,
								43,
								43,
								29,
								29,
								57,
								43,
								43,
								43,
								71,
								43,
								43,
								71,
								57,
								71,
								71,
								71,
								71,
								71
							]
						},
						{
							"filterEnvelope": "decay 3",
							"spectrum": [
								57,
								57,
								57,
								43,
								57,
								57,
								43,
								43,
								57,
								43,
								43,
								43,
								71,
								57,
								43,
								57,
								86,
								71,
								57,
								86,
								71,
								57,
								86,
								100,
								71,
								86,
								86,
								86,
								86,
								86
							]
						},
						{
							"filterEnvelope": "flare 1",
							"spectrum": [
								0,
								0,
								14,
								14,
								14,
								14,
								29,
								29,
								29,
								43,
								43,
								43,
								57,
								57,
								71,
								71,
								86,
								86,
								100,
								100,
								100,
								100,
								100,
								100,
								100,
								100,
								86,
								57,
								29,
								0
							]
						},
						{
							"filterEnvelope": "decay 2",
							"spectrum": [
								14,
								14,
								14,
								14,
								29,
								14,
								14,
								29,
								14,
								43,
								14,
								43,
								57,
								86,
								57,
								57,
								100,
								57,
								43,
								43,
								57,
								100,
								57,
								43,
								29,
								14,
								0,
								0,
								0,
								0
							]
						}
					],
					"envelopes": []
				}
			],
			"patterns": [
				{
					"notes": [
						{
							"pitches": [
								5,
								8
							],
							"points": [
								{
									"tick": 0,
									"pitchBend": 0,
									"volume": 100
								},
								{
									"tick": 4,
									"pitchBend": 0,
									"volume": 0
								}
							],
							"continuesLastPattern": false
						},
						{
							"pitches": [
								8
							],
							"points": [
								{
									"tick": 4,
									"pitchBend": 0,
									"volume": 100
								},
								{
									"tick": 8,
									"pitchBend": 0,
									"volume": 0
								}
							]
						},
						{
							"pitches": [
								8,
								3
							],
							"points": [
								{
									"tick": 8,
									"pitchBend": 0,
									"volume": 100
								},
								{
									"tick": 12,
									"pitchBend": 0,
									"volume": 0
								}
							]
						},
						{
							"pitches": [
								8
							],
							"points": [
								{
									"tick": 12,
									"pitchBend": 0,
									"volume": 100
								},
								{
									"tick": 16,
									"pitchBend": 0,
									"volume": 0
								}
							]
						},
						{
							"pitches": [
								5,
								8
							],
							"points": [
								{
									"tick": 16,
									"pitchBend": 0,
									"volume": 100
								},
								{
									"tick": 20,
									"pitchBend": 0,
									"volume": 0
								}
							]
						},
						{
							"pitches": [
								8
							],
							"points": [
								{
									"tick": 20,
									"pitchBend": 0,
									"volume": 100
								},
								{
									"tick": 24,
									"pitchBend": 0,
									"volume": 0
								}
							]
						},
						{
							"pitches": [
								8,
								3
							],
							"points": [
								{
									"tick": 24,
									"pitchBend": 0,
									"volume": 100
								},
								{
									"tick": 28,
									"pitchBend": 0,
									"volume": 0
								}
							]
						},
						{
							"pitches": [
								8
							],
							"points": [
								{
									"tick": 28,
									"pitchBend": 0,
									"volume": 100
								},
								{
									"tick": 32,
									"pitchBend": 0,
									"volume": 0
								}
							]
						}
					]
				},
				{
					"notes": []
				},
				{
					"notes": []
				},
				{
					"notes": []
				},
				{
					"notes": []
				},
				{
					"notes": []
				},
				{
					"notes": []
				},
				{
					"notes": []
				}
			],
			"sequence": [
				1,
				1,
				1,
				1,
				1,
				1,
				1,
				1,
				1,
				1,
				1,
				1,
				1,
				1,
				1,
				1
			]
		}
	]
}